
INSERT INTO `ticket_state_type` (`id`, `name`, `comments`, `create_time`, `create_by`, `change_time`, `change_by`)
VALUES
	(8, 'wind', 'State type for Wind integration ONLY', '2013-12-17 11:25:23', 1, '2013-12-17 11:25:23', 1);




INSERT INTO `ticket_state` (`id`, `name`, `comments`, `type_id`, `valid_id`, `create_time`, `create_by`, `change_time`, `change_by`)
VALUES
	(12, 'Sospeso', 'Stato valido solo per l\'integrazione con Wind', 8, 1, '2013-12-17 16:14:10', 1, '2013-12-17 16:14:10', 1),
	(13, 'RisoltoNRI', '(Non RIscontrato) Stato valido solo per l\'integrazione con Wind', 8, 1, '2013-12-17 16:15:37', 1, '2013-12-17 16:15:37', 1),
	(14, 'RisoltoNoACT', '(No ACTion) Stato valido solo per l\'integrazione con Wind', 8, 1, '2013-12-17 16:16:28', 1, '2013-12-17 16:16:28', 1),
	(15, 'ChiusoNRI', '(CHIUSO Non RIscontrato) Stato valido solo per l\'integrazione con Wind', 8, 1, '2014-01-17 15:53:07', 1, '2014-01-17 15:53:07', 1),
	(16, 'ChiusoNoACT', '(CHIUSO No ACTion) Stato valido solo per l\'integrazione con Wind', 8, 1, '2014-01-17 15:55:04', 1, '2014-01-17 15:55:04', 1);




INSERT INTO `ticket_type` (`id`, `name`, `valid_id`, `create_time`, `create_by`, `change_time`, `change_by`)
VALUES
	(53, 'Incident per WIND', 1, '2013-12-17 16:46:26', 1, '2013-12-17 16:46:26', 1),
	(54, 'Incident per PM', 1, '2013-12-17 16:47:00', 1, '2013-12-17 16:47:00', 1),
	(55, 'Incident per ERICSSON', 1, '2013-12-17 16:47:15', 1, '2013-12-17 16:47:15', 1),
	(56, 'Alarm per WIND', 1, '2013-12-17 16:47:52', 1, '2013-12-17 16:47:52', 1),
	(57, 'Alarm per ERICSSON', 1, '2013-12-17 16:48:17', 1, '2013-12-17 16:48:17', 1),
	(58, 'Alarm per PM', 1, '2013-12-17 16:48:34', 1, '2013-12-17 16:48:34', 1),
	(59, 'Alarm da WIND', 1, '2013-12-17 16:49:03', 1, '2013-12-17 16:49:03', 1);





INSERT INTO `article_type` (`id`, `name`, `comments`, `valid_id`, `create_time`, `create_by`, `change_time`, `change_by`)
VALUES
	(17, 'note-external-ToWind', NULL, 1, '2013-12-17 16:40:38', 1, '2013-12-17 16:40:38', 1),
	(18, 'note-external-FromWind', NULL, 1, '2013-12-17 16:41:25', 1, '2013-12-17 16:41:25', 1);





INSERT INTO `groups` (`id`, `name`, `comments`, `valid_id`, `create_time`, `create_by`, `change_time`, `change_by`)
VALUES
	(80, '_full_Ericsson_backend', 'Ambito FULL (Integrazione con Wind)', 1, '2013-12-17 18:33:54', 1, '2013-12-17 18:33:54', 1),
	(81, '_full_Ericsson_Alarm_For_PM', 'Ambito FULL (Integrazione con Wind)', 1, '2013-12-17 18:34:18', 1, '2013-12-17 18:34:18', 1),
	(82, '_full_Ericsson_Alarm_For_Wind', 'Ambito FULL (Integrazione con Wind)', 1, '2013-12-17 18:34:39', 1, '2013-12-17 18:34:39', 1),
	(84, '_full_PM_Incident_For_Wind', 'Ambito FULL (Integrazione con Wind)', 1, '2013-12-17 18:35:54', 1, '2013-12-17 18:35:54', 1),
	(85, '_full_Wind_Alarm_For_PM', 'Ambito FULL (Integrazione con Wind)', 1, '2013-12-17 18:36:18', 1, '2013-12-17 18:36:18', 1),
	(86, '_full_PM_Incident_For_Wind_and_Ericsson', 'Ambito FULL (Integrazione con Wind)', 1, '2013-12-17 18:36:43', 1, '2013-12-17 18:36:43', 1),
	(87, '_full_PM_Alarm_For_Ericsson', 'Ambito FULL (Integrazione con Wind)', 1, '2013-12-17 18:37:05', 1, '2013-12-17 18:37:05', 1),
	(88, '_full_PM_Alarm_For_Wind', 'Ambito FULL (Integrazione con Wind)', 1, '2013-12-17 18:37:28', 1, '2013-12-17 18:37:28', 1),
	(89, '_full_PM_Alarm_For_Wind_and_Ericsson', 'Ambito FULL (Integrazione con Wind)', 1, '2013-12-17 18:38:01', 1, '2013-12-17 18:38:01', 1),
	(90, '_full_Wind_Alarm_For_PM_and_Ericsson', 'Ambito FULL (Integrazione con Wind)', 1, '2013-12-17 18:38:21', 1, '2013-12-17 18:38:21', 1),





INSERT INTO `queue` (`id`, `name`, `group_id`, `unlock_timeout`, `first_response_time`, `first_response_notify`, `update_time`, `update_notify`, `solution_time`, `solution_notify`, `system_address_id`, `calendar_name`, `default_sign_key`, `salutation_id`, `signature_id`, `follow_up_id`, `follow_up_lock`, `comments`, `valid_id`, `create_time`, `create_by`, `change_time`, `change_by`)
VALUES
	(1018, 'ERICSSON-BE', 80, 0, 0, 0, 0, 0, 0, 0, 1, '', '', 1, 1, 1, 0, 'Ambito FULL (Integrazione con Wind)', 1, '2013-12-17 18:41:30', 1, '2014-01-17 18:25:16', 1),
	(1019, 'MVNE-FE-Ericsson-Alarm', 81, 0, 0, 0, 0, 0, 0, 0, 1, '0', '0', 1, 1, 1, 0, 'Ambito FULL (Integrazione con Wind)', 1, '2013-12-17 18:42:48', 1, '2013-12-17 18:42:48', 1),
	(1020, 'WIND-OUT-Alarm[ERICSSON]', 82, 0, 0, 0, 0, 0, 0, 0, 1, '', '', 1, 1, 1, 0, 'Ambito FULL (Integrazione con Wind)', 1, '2013-12-17 18:44:44', 1, '2014-01-17 18:22:00', 1),
	(1022, 'WIND-OUT', 84, 0, 0, 0, 0, 0, 0, 0, 1, '', '', 1, 1, 1, 0, 'Ambito FULL (Integrazione con Wind)', 1, '2013-12-17 18:47:17', 1, '2014-01-17 18:18:57', 1),
	(1023, 'MVNE-FE-Wind-Alarm', 85, 0, 0, 0, 0, 0, 0, 0, 1, '0', '0', 1, 1, 1, 0, 'Ambito FULL (Integrazione con Wind)', 1, '2013-12-17 18:47:52', 1, '2013-12-17 18:47:52', 1),
	(1024, 'WIND-OUT[ERICSSON]', 86, 0, 0, 0, 0, 0, 0, 0, 1, '', '', 1, 1, 1, 0, 'Ambito FULL (Integrazione con Wind)', 1, '2013-12-17 18:49:18', 1, '2014-01-17 18:20:20', 1),
	(1025, 'ERICSSON-OUT-Alarm', 87, 0, 0, 0, 0, 0, 0, 0, 1, '0', '0', 1, 1, 1, 0, 'Ambito FULL (Integrazione con Wind)', 1, '2013-12-17 18:50:02', 1, '2013-12-17 18:50:02', 1),
	(1026, 'WIND-OUT-Alarm', 88, 0, 0, 0, 0, 0, 0, 0, 1, '', '', 1, 1, 1, 0, 'Ambito FULL (Integrazione con Wind)', 1, '2013-12-17 18:50:42', 1, '2014-01-17 18:21:08', 1),
	(1027, 'WIND-ERICSSON-OUT-Alarm', 89, 0, 0, 0, 0, 0, 0, 0, 1, '0', '0', 1, 1, 1, 0, 'Ambito FULL (Integrazione con Wind)', 1, '2013-12-17 18:51:32', 1, '2013-12-17 18:51:32', 1),
	(1028, 'MVNE-FE-Wind-Alarm[ERICSSON]', 90, 0, 0, 0, 0, 0, 0, 0, 1, '', '', 1, 1, 1, 0, 'Ambito FULL (Integrazione con Wind)', 1, '2013-12-17 18:52:11', 1, '2014-01-17 18:24:04', 1);





INSERT INTO `roles` (`id`, `name`, `comments`, `valid_id`, `create_time`, `create_by`, `change_time`, `change_by`)
VALUES
	(52, 'OTRS-System-PM-WIND', 'Ruolo di sitsema per ambito Full (integrazione Wind)', 1, '2014-01-09 11:27:50', 1, '2014-01-09 11:27:50', 1),
	(53, 'ERICSSON', 'Ruolo per Ericsson', 1, '2014-01-09 11:29:41', 1, '2014-01-09 11:29:41', 1);



INSERT INTO `group_role` (`role_id`, `group_id`, `permission_key`, `permission_value`, `create_time`, `create_by`, `change_time`, `change_by`)
VALUES
	(1, 80, 'move_into', 1, '2014-01-09 11:24:22', 1, '2014-01-09 11:24:22', 1),
	(1, 81, 'ro', 1, '2014-01-09 11:24:22', 1, '2014-01-09 11:24:22', 1),
	(1, 82, 'ro', 1, '2014-01-09 11:24:22', 1, '2014-01-09 11:24:22', 1),
	(1, 84, 'ro', 1, '2014-01-09 11:24:22', 1, '2014-01-09 11:24:22', 1),
	(1, 84, 'move_into', 1, '2014-01-09 11:24:22', 1, '2014-01-09 11:24:22', 1),
	(1, 85, 'ro', 1, '2014-01-09 11:24:22', 1, '2014-01-09 11:24:22', 1),
	(1, 85, 'move_into', 1, '2014-01-09 11:24:22', 1, '2014-01-09 11:24:22', 1),
	(1, 86, 'ro', 1, '2014-01-09 11:24:22', 1, '2014-01-09 11:24:22', 1),
	(1, 86, 'move_into', 1, '2014-01-09 11:24:22', 1, '2014-01-09 11:24:22', 1),
	(1, 87, 'ro', 1, '2014-01-09 11:24:22', 1, '2014-01-09 11:24:22', 1),
	(1, 87, 'note', 1, '2014-01-09 11:24:22', 1, '2014-01-09 11:24:22', 1),
	(1, 87, 'rw', 1, '2014-01-09 11:24:22', 1, '2014-01-09 11:24:22', 1),
	(1, 87, 'move_into', 1, '2014-01-09 11:24:22', 1, '2014-01-09 11:24:22', 1),
	(1, 87, 'priority', 1, '2014-01-09 11:24:22', 1, '2014-01-09 11:24:22', 1),
	(1, 87, 'owner', 1, '2014-01-09 11:24:22', 1, '2014-01-09 11:24:22', 1),
	(1, 88, 'note', 1, '2014-01-09 11:24:22', 1, '2014-01-09 11:24:22', 1),
	(1, 88, 'rw', 1, '2014-01-09 11:24:22', 1, '2014-01-09 11:24:22', 1),
	(1, 88, 'move_into', 1, '2014-01-09 11:24:22', 1, '2014-01-09 11:24:22', 1),
	(1, 88, 'ro', 1, '2014-01-09 11:24:22', 1, '2014-01-09 11:24:22', 1),
	(1, 88, 'owner', 1, '2014-01-09 11:24:22', 1, '2014-01-09 11:24:22', 1),
	(1, 88, 'priority', 1, '2014-01-09 11:24:22', 1, '2014-01-09 11:24:22', 1),
	(1, 89, 'priority', 1, '2014-01-09 11:24:22', 1, '2014-01-09 11:24:22', 1),
	(1, 89, 'owner', 1, '2014-01-09 11:24:22', 1, '2014-01-09 11:24:22', 1),
	(1, 89, 'move_into', 1, '2014-01-09 11:24:22', 1, '2014-01-09 11:24:22', 1),
	(1, 89, 'ro', 1, '2014-01-09 11:24:22', 1, '2014-01-09 11:24:22', 1),
	(1, 89, 'rw', 1, '2014-01-09 11:24:22', 1, '2014-01-09 11:24:22', 1),
	(1, 89, 'note', 1, '2014-01-09 11:24:22', 1, '2014-01-09 11:24:22', 1),
	(1, 90, 'move_into', 1, '2014-01-09 11:24:22', 1, '2014-01-09 11:24:22', 1),
	(1, 90, 'ro', 1, '2014-01-09 11:24:22', 1, '2014-01-09 11:24:22', 1),
	(2, 80, 'move_into', 1, '2014-01-09 11:26:02', 1, '2014-01-09 11:26:02', 1),
	(2, 81, 'ro', 1, '2014-01-09 11:26:02', 1, '2014-01-09 11:26:02', 1),
	(2, 82, 'ro', 1, '2014-01-09 11:26:02', 1, '2014-01-09 11:26:02', 1),
	(2, 84, 'move_into', 1, '2014-01-09 11:26:02', 1, '2014-01-09 11:26:02', 1),
	(2, 84, 'ro', 1, '2014-01-09 11:26:02', 1, '2014-01-09 11:26:02', 1),
	(2, 85, 'move_into', 1, '2014-01-09 11:26:02', 1, '2014-01-09 11:26:02', 1),
	(2, 85, 'ro', 1, '2014-01-09 11:26:02', 1, '2014-01-09 11:26:02', 1),
	(2, 86, 'ro', 1, '2014-01-09 11:26:02', 1, '2014-01-09 11:26:02', 1),
	(2, 86, 'move_into', 1, '2014-01-09 11:26:02', 1, '2014-01-09 11:26:02', 1),
	(2, 87, 'note', 1, '2014-01-09 11:26:02', 1, '2014-01-09 11:26:02', 1),
	(2, 87, 'rw', 1, '2014-01-09 11:26:02', 1, '2014-01-09 11:26:02', 1),
	(2, 87, 'move_into', 1, '2014-01-09 11:26:02', 1, '2014-01-09 11:26:02', 1),
	(2, 87, 'ro', 1, '2014-01-09 11:26:02', 1, '2014-01-09 11:26:02', 1),
	(2, 87, 'owner', 1, '2014-01-09 11:26:02', 1, '2014-01-09 11:26:02', 1),
	(2, 87, 'priority', 1, '2014-01-09 11:26:02', 1, '2014-01-09 11:26:02', 1),
	(2, 88, 'ro', 1, '2014-01-09 11:26:02', 1, '2014-01-09 11:26:02', 1),
	(2, 88, 'note', 1, '2014-01-09 11:26:02', 1, '2014-01-09 11:26:02', 1),
	(2, 88, 'owner', 1, '2014-01-09 11:26:02', 1, '2014-01-09 11:26:02', 1),
	(2, 88, 'priority', 1, '2014-01-09 11:26:02', 1, '2014-01-09 11:26:02', 1),
	(2, 88, 'rw', 1, '2014-01-09 11:26:02', 1, '2014-01-09 11:26:02', 1),
	(2, 88, 'move_into', 1, '2014-01-09 11:26:02', 1, '2014-01-09 11:26:02', 1),
	(2, 89, 'note', 1, '2014-01-09 11:26:02', 1, '2014-01-09 11:26:02', 1),
	(2, 89, 'move_into', 1, '2014-01-09 11:26:02', 1, '2014-01-09 11:26:02', 1),
	(2, 89, 'ro', 1, '2014-01-09 11:26:02', 1, '2014-01-09 11:26:02', 1),
	(2, 89, 'rw', 1, '2014-01-09 11:26:02', 1, '2014-01-09 11:26:02', 1),
	(2, 89, 'owner', 1, '2014-01-09 11:26:02', 1, '2014-01-09 11:26:02', 1),
	(2, 89, 'priority', 1, '2014-01-09 11:26:02', 1, '2014-01-09 11:26:02', 1),
	(2, 90, 'ro', 1, '2014-01-09 11:26:02', 1, '2014-01-09 11:26:02', 1),
	(2, 90, 'move_into', 1, '2014-01-09 11:26:02', 1, '2014-01-09 11:26:02', 1),
	(9, 80, 'move_into', 1, '2014-01-09 11:26:51', 1, '2014-01-09 11:26:51', 1),
	(9, 81, 'ro', 1, '2014-01-09 11:26:51', 1, '2014-01-09 11:26:51', 1),
	(9, 82, 'ro', 1, '2014-01-09 11:26:51', 1, '2014-01-09 11:26:51', 1),
	(9, 84, 'move_into', 1, '2014-01-09 11:26:51', 1, '2014-01-09 11:26:51', 1),
	(9, 84, 'ro', 1, '2014-01-09 11:26:51', 1, '2014-01-09 11:26:51', 1),
	(9, 85, 'ro', 1, '2014-01-09 11:26:51', 1, '2014-01-09 11:26:51', 1),
	(9, 85, 'move_into', 1, '2014-01-09 11:26:51', 1, '2014-01-09 11:26:51', 1),
	(9, 86, 'ro', 1, '2014-01-09 11:26:51', 1, '2014-01-09 11:26:51', 1),
	(9, 86, 'move_into', 1, '2014-01-09 11:26:51', 1, '2014-01-09 11:26:51', 1),
	(9, 87, 'owner', 1, '2014-01-09 11:26:51', 1, '2014-01-09 11:26:51', 1),
	(9, 87, 'priority', 1, '2014-01-09 11:26:51', 1, '2014-01-09 11:26:51', 1),
	(9, 87, 'ro', 1, '2014-01-09 11:26:51', 1, '2014-01-09 11:26:51', 1),
	(9, 87, 'move_into', 1, '2014-01-09 11:26:51', 1, '2014-01-09 11:26:51', 1),
	(9, 87, 'rw', 1, '2014-01-09 11:26:51', 1, '2014-01-09 11:26:51', 1),
	(9, 87, 'note', 1, '2014-01-09 11:26:51', 1, '2014-01-09 11:26:51', 1),
	(9, 88, 'priority', 1, '2014-01-09 11:26:51', 1, '2014-01-09 11:26:51', 1),
	(9, 88, 'ro', 1, '2014-01-09 11:26:51', 1, '2014-01-09 11:26:51', 1),
	(9, 88, 'move_into', 1, '2014-01-09 11:26:51', 1, '2014-01-09 11:26:51', 1),
	(9, 88, 'rw', 1, '2014-01-09 11:26:51', 1, '2014-01-09 11:26:51', 1),
	(9, 88, 'owner', 1, '2014-01-09 11:26:51', 1, '2014-01-09 11:26:51', 1),
	(9, 88, 'note', 1, '2014-01-09 11:26:51', 1, '2014-01-09 11:26:51', 1),
	(9, 89, 'rw', 1, '2014-01-09 11:26:51', 1, '2014-01-09 11:26:51', 1),
	(9, 89, 'ro', 1, '2014-01-09 11:26:51', 1, '2014-01-09 11:26:51', 1),
	(9, 89, 'owner', 1, '2014-01-09 11:26:51', 1, '2014-01-09 11:26:51', 1),
	(9, 89, 'priority', 1, '2014-01-09 11:26:51', 1, '2014-01-09 11:26:51', 1),
	(9, 89, 'note', 1, '2014-01-09 11:26:51', 1, '2014-01-09 11:26:51', 1),
	(9, 89, 'move_into', 1, '2014-01-09 11:26:51', 1, '2014-01-09 11:26:51', 1),
	(9, 90, 'move_into', 1, '2014-01-09 11:26:51', 1, '2014-01-09 11:26:51', 1),
	(9, 90, 'ro', 1, '2014-01-09 11:26:51', 1, '2014-01-09 11:26:51', 1),
	(52, 80, 'ro', 1, '2014-01-09 11:29:14', 1, '2014-01-09 11:29:14', 1),
	(52, 80, 'rw', 1, '2014-01-09 11:29:14', 1, '2014-01-09 11:29:14', 1),
	(52, 80, 'move_into', 1, '2014-01-09 11:29:14', 1, '2014-01-09 11:29:14', 1),
	(52, 80, 'note', 1, '2014-01-09 11:29:14', 1, '2014-01-09 11:29:14', 1),
	(52, 80, 'owner', 1, '2014-01-09 11:29:14', 1, '2014-01-09 11:29:14', 1),
	(52, 80, 'priority', 1, '2014-01-09 11:29:14', 1, '2014-01-09 11:29:14', 1),
	(52, 80, 'create', 1, '2014-01-09 11:29:14', 1, '2014-01-09 11:29:14', 1),
	(52, 81, 'move_into', 1, '2014-01-09 11:29:14', 1, '2014-01-09 11:29:14', 1),
	(52, 81, 'priority', 1, '2014-01-09 11:29:14', 1, '2014-01-09 11:29:14', 1),
	(52, 81, 'note', 1, '2014-01-09 11:29:14', 1, '2014-01-09 11:29:14', 1),
	(52, 81, 'owner', 1, '2014-01-09 11:29:14', 1, '2014-01-09 11:29:14', 1),
	(52, 81, 'ro', 1, '2014-01-09 11:29:14', 1, '2014-01-09 11:29:14', 1),
	(52, 81, 'create', 1, '2014-01-09 11:29:14', 1, '2014-01-09 11:29:14', 1),
	(52, 81, 'rw', 1, '2014-01-09 11:29:14', 1, '2014-01-09 11:29:14', 1),
	(52, 82, 'create', 1, '2014-01-09 11:29:14', 1, '2014-01-09 11:29:14', 1),
	(52, 82, 'rw', 1, '2014-01-09 11:29:14', 1, '2014-01-09 11:29:14', 1),
	(52, 82, 'owner', 1, '2014-01-09 11:29:14', 1, '2014-01-09 11:29:14', 1),
	(52, 82, 'ro', 1, '2014-01-09 11:29:14', 1, '2014-01-09 11:29:14', 1),
	(52, 82, 'priority', 1, '2014-01-09 11:29:14', 1, '2014-01-09 11:29:14', 1),
	(52, 82, 'move_into', 1, '2014-01-09 11:29:14', 1, '2014-01-09 11:29:14', 1),
	(52, 82, 'note', 1, '2014-01-09 11:29:14', 1, '2014-01-09 11:29:14', 1),
	(52, 84, 'note', 1, '2014-01-09 11:29:14', 1, '2014-01-09 11:29:14', 1),
	(52, 84, 'owner', 1, '2014-01-09 11:29:14', 1, '2014-01-09 11:29:14', 1),
	(52, 84, 'rw', 1, '2014-01-09 11:29:14', 1, '2014-01-09 11:29:14', 1),
	(52, 84, 'move_into', 1, '2014-01-09 11:29:14', 1, '2014-01-09 11:29:14', 1),
	(52, 84, 'ro', 1, '2014-01-09 11:29:14', 1, '2014-01-09 11:29:14', 1),
	(52, 84, 'create', 1, '2014-01-09 11:29:14', 1, '2014-01-09 11:29:14', 1),
	(52, 84, 'priority', 1, '2014-01-09 11:29:14', 1, '2014-01-09 11:29:14', 1),
	(52, 85, 'move_into', 1, '2014-01-09 11:29:14', 1, '2014-01-09 11:29:14', 1),
	(52, 85, 'rw', 1, '2014-01-09 11:29:14', 1, '2014-01-09 11:29:14', 1),
	(52, 85, 'note', 1, '2014-01-09 11:29:14', 1, '2014-01-09 11:29:14', 1),
	(52, 85, 'owner', 1, '2014-01-09 11:29:14', 1, '2014-01-09 11:29:14', 1),
	(52, 85, 'create', 1, '2014-01-09 11:29:14', 1, '2014-01-09 11:29:14', 1),
	(52, 85, 'priority', 1, '2014-01-09 11:29:14', 1, '2014-01-09 11:29:14', 1),
	(52, 85, 'ro', 1, '2014-01-09 11:29:14', 1, '2014-01-09 11:29:14', 1),
	(52, 86, 'rw', 1, '2014-01-09 11:29:14', 1, '2014-01-09 11:29:14', 1),
	(52, 86, 'priority', 1, '2014-01-09 11:29:14', 1, '2014-01-09 11:29:14', 1),
	(52, 86, 'owner', 1, '2014-01-09 11:29:14', 1, '2014-01-09 11:29:14', 1),
	(52, 86, 'create', 1, '2014-01-09 11:29:14', 1, '2014-01-09 11:29:14', 1),
	(52, 86, 'ro', 1, '2014-01-09 11:29:14', 1, '2014-01-09 11:29:14', 1),
	(52, 86, 'move_into', 1, '2014-01-09 11:29:14', 1, '2014-01-09 11:29:14', 1),
	(52, 86, 'note', 1, '2014-01-09 11:29:14', 1, '2014-01-09 11:29:14', 1),
	(52, 87, 'owner', 1, '2014-01-09 11:29:14', 1, '2014-01-09 11:29:14', 1),
	(52, 87, 'note', 1, '2014-01-09 11:29:14', 1, '2014-01-09 11:29:14', 1),
	(52, 87, 'rw', 1, '2014-01-09 11:29:14', 1, '2014-01-09 11:29:14', 1),
	(52, 87, 'move_into', 1, '2014-01-09 11:29:14', 1, '2014-01-09 11:29:14', 1),
	(52, 87, 'ro', 1, '2014-01-09 11:29:14', 1, '2014-01-09 11:29:14', 1),
	(52, 87, 'create', 1, '2014-01-09 11:29:14', 1, '2014-01-09 11:29:14', 1),
	(52, 87, 'priority', 1, '2014-01-09 11:29:14', 1, '2014-01-09 11:29:14', 1),
	(52, 88, 'move_into', 1, '2014-01-09 11:29:14', 1, '2014-01-09 11:29:14', 1),
	(52, 88, 'create', 1, '2014-01-09 11:29:14', 1, '2014-01-09 11:29:14', 1),
	(52, 88, 'owner', 1, '2014-01-09 11:29:14', 1, '2014-01-09 11:29:14', 1),
	(52, 88, 'ro', 1, '2014-01-09 11:29:14', 1, '2014-01-09 11:29:14', 1),
	(52, 88, 'rw', 1, '2014-01-09 11:29:14', 1, '2014-01-09 11:29:14', 1),
	(52, 88, 'priority', 1, '2014-01-09 11:29:14', 1, '2014-01-09 11:29:14', 1),
	(52, 88, 'note', 1, '2014-01-09 11:29:14', 1, '2014-01-09 11:29:14', 1),
	(52, 89, 'ro', 1, '2014-01-09 11:29:14', 1, '2014-01-09 11:29:14', 1),
	(52, 89, 'create', 1, '2014-01-09 11:29:14', 1, '2014-01-09 11:29:14', 1),
	(52, 89, 'owner', 1, '2014-01-09 11:29:14', 1, '2014-01-09 11:29:14', 1),
	(52, 89, 'priority', 1, '2014-01-09 11:29:14', 1, '2014-01-09 11:29:14', 1),
	(52, 89, 'rw', 1, '2014-01-09 11:29:14', 1, '2014-01-09 11:29:14', 1),
	(52, 89, 'note', 1, '2014-01-09 11:29:14', 1, '2014-01-09 11:29:14', 1),
	(52, 89, 'move_into', 1, '2014-01-09 11:29:14', 1, '2014-01-09 11:29:14', 1),
	(52, 90, 'priority', 1, '2014-01-09 11:29:14', 1, '2014-01-09 11:29:14', 1),
	(52, 90, 'owner', 1, '2014-01-09 11:29:14', 1, '2014-01-09 11:29:14', 1),
	(52, 90, 'create', 1, '2014-01-09 11:29:14', 1, '2014-01-09 11:29:14', 1),
	(52, 90, 'rw', 1, '2014-01-09 11:29:14', 1, '2014-01-09 11:29:14', 1),
	(52, 90, 'ro', 1, '2014-01-09 11:29:14', 1, '2014-01-09 11:29:14', 1),
	(52, 90, 'move_into', 1, '2014-01-09 11:29:14', 1, '2014-01-09 11:29:14', 1),
	(52, 90, 'note', 1, '2014-01-09 11:29:14', 1, '2014-01-09 11:29:14', 1),
	(53, 80, 'move_into', 1, '2014-01-09 11:34:17', 1, '2014-01-09 11:34:17', 1),
	(53, 80, 'priority', 1, '2014-01-09 11:34:17', 1, '2014-01-09 11:34:17', 1),
	(53, 80, 'note', 1, '2014-01-09 11:34:17', 1, '2014-01-09 11:34:17', 1),
	(53, 80, 'rw', 1, '2014-01-09 11:34:17', 1, '2014-01-09 11:34:17', 1),
	(53, 80, 'owner', 1, '2014-01-09 11:34:17', 1, '2014-01-09 11:34:17', 1),
	(53, 80, 'ro', 1, '2014-01-09 11:34:17', 1, '2014-01-09 11:34:17', 1),
	(53, 80, 'create', 1, '2014-01-17 16:22:25', 1, '2014-01-17 16:22:25', 1),
	(53, 81, 'note', 1, '2014-01-09 11:34:17', 1, '2014-01-09 11:34:17', 1),
	(53, 81, 'rw', 1, '2014-01-09 11:34:17', 1, '2014-01-09 11:34:17', 1),
	(53, 81, 'priority', 1, '2014-01-09 11:34:17', 1, '2014-01-09 11:34:17', 1),
	(53, 81, 'owner', 1, '2014-01-09 11:34:17', 1, '2014-01-09 11:34:17', 1),
	(53, 81, 'ro', 1, '2014-01-09 11:34:17', 1, '2014-01-09 11:34:17', 1),
	(53, 81, 'move_into', 1, '2014-01-09 11:34:17', 1, '2014-01-09 11:34:17', 1),
	(53, 82, 'ro', 1, '2014-01-09 11:34:17', 1, '2014-01-09 11:34:17', 1),
	(53, 82, 'move_into', 1, '2014-01-09 11:34:17', 1, '2014-01-09 11:34:17', 1),
	(53, 82, 'priority', 1, '2014-01-09 11:34:17', 1, '2014-01-09 11:34:17', 1),
	(53, 82, 'rw', 1, '2014-01-09 11:34:17', 1, '2014-01-09 11:34:17', 1),
	(53, 82, 'note', 1, '2014-01-09 11:34:17', 1, '2014-01-09 11:34:17', 1),
	(53, 82, 'owner', 1, '2014-01-09 11:34:17', 1, '2014-01-09 11:34:17', 1),
	(53, 86, 'ro', 1, '2014-01-09 11:34:17', 1, '2014-01-09 11:34:17', 1),
	(53, 86, 'move_into', 1, '2014-01-09 11:34:17', 1, '2014-01-09 11:34:17', 1),
	(53, 87, 'ro', 1, '2014-01-09 11:34:17', 1, '2014-01-09 11:34:17', 1),
	(53, 89, 'ro', 1, '2014-01-09 11:34:17', 1, '2014-01-09 11:34:17', 1),
	(53, 90, 'ro', 1, '2014-01-09 11:34:17', 1, '2014-01-09 11:34:17', 1),














